,preds,truth
24,644.2549278767289,400.0
159,275.16257511995036,200.0
124,674.3669473459142,800.0
264,484.8243805469866,400.0
182,371.3895625913358,400.0
240,404.8429369176274,400.0
122,241.2629017654151,200.0
143,554.0730271428027,800.0
55,413.07124211372957,800.0
136,519.4474111953848,400.0
220,767.1054662704294,800.0
275,430.1942361824947,400.0
149,440.73628094528294,800.0
38,443.07217030682136,800.0
16,534.9025534458339,400.0
0,267.0155781518351,800.0
62,715.0050210142706,800.0
233,733.7838295472143,800.0
183,431.6581424143353,400.0
302,206.19540411733487,200.0
280,323.1744158034489,200.0
161,656.9645125669708,400.0
212,665.849342994161,800.0
273,628.3036648951188,400.0
78,589.6287459564724,400.0
245,403.5225084760625,200.0
41,383.08664749737557,400.0
175,592.3200642210861,400.0
47,314.85060408389563,200.0
216,353.15250081091256,400.0
145,572.0405254422668,400.0
200,256.0902732419582,200.0
16,176.75393691749446,200.0
39,623.4299644506175,400.0
284,335.0571978575832,200.0
285,247.8142611711276,200.0
91,340.17517492623824,200.0
100,255.8576146662287,200.0
3,718.2821638959342,800.0
267,489.0525410658481,800.0
145,680.4660053733843,800.0
282,165.9852639049751,200.0
224,333.45147509560894,200.0
166,395.0879107294851,200.0
272,767.8761772045251,800.0
216,327.40607171648855,200.0
35,685.456112649372,400.0
195,457.93721803291396,400.0
276,401.1166416466749,400.0
117,483.97226851731716,800.0
39,298.35162883610536,800.0
180,258.88837728679584,200.0
25,285.1604556721708,800.0
240,749.2077884858262,800.0
219,830.1909683942591,800.0
93,276.6513166677756,200.0
8,921.6050664474308,800.0
113,650.3168882360948,800.0
23,390.3034021798221,400.0
138,565.4364239288147,800.0
69,222.63825135117526,200.0
286,483.3720699016653,800.0
42,326.12311174897184,200.0
271,408.35874377704897,400.0
78,734.439064366254,800.0
86,410.20257575130665,200.0
220,672.0200322786391,800.0
160,554.2629328791857,400.0
117,410.8556247585243,400.0
220,390.4178543536988,200.0
82,403.90020442146385,400.0
209,395.02946897442007,400.0
153,783.8904747302041,800.0
51,321.0538485480318,200.0
256,226.9778611537232,200.0
87,330.6088539555988,200.0
113,584.0064388345963,400.0
60,357.5362337582591,400.0
29,493.7550049141274,800.0
245,783.7860061203711,800.0
25,493.7550049141274,400.0
67,317.3681246746536,200.0
211,714.0503387522675,800.0
41,579.3643762686202,400.0
221,207.18639776677583,200.0
59,398.07467995941556,800.0
248,854.2751669651036,800.0
90,263.8409282778605,200.0
90,762.8750886607053,800.0
261,501.1413307845046,800.0
291,272.3148014880822,200.0
202,674.7757950070478,800.0
96,268.2194385981663,200.0
56,653.5783305998162,400.0
153,528.9208644289846,400.0
232,275.2776002202912,200.0
183,199.50334658541152,200.0
12,764.8504693496417,400.0
221,277.8382411578046,200.0
20,250.4362289807757,200.0
47,305.2104788248503,800.0
188,494.23460562093794,800.0
236,788.4996664072053,800.0
240,177.87450189596,200.0
54,276.4484807275701,200.0
75,414.2757982955461,400.0
257,793.129518503402,800.0
166,255.7207018535077,200.0
237,786.8658765245245,800.0
35,243.9533154887822,200.0
28,626.5960334477368,400.0
113,389.5516583739353,400.0
34,336.73537808108614,200.0
135,545.4490384613015,400.0
194,372.5376318394839,400.0
100,408.98212266929704,400.0
121,690.2102162478445,400.0
102,709.0451774628219,800.0
94,395.47666744726416,400.0
18,212.51376909645944,200.0
110,354.2709871908726,200.0
132,533.6236855961657,800.0
0,509.2134617694096,200.0
241,837.9031788641436,800.0
79,387.0947249970819,400.0
98,397.071573872424,200.0
93,724.3593739829529,800.0
210,272.4283048956177,200.0
97,795.7239953622014,800.0
8,629.9509486611186,800.0
188,273.21117333252164,200.0
25,340.285783096622,200.0
155,350.02452177898454,400.0
115,633.0737739977776,400.0
122,416.8686784239758,400.0
41,396.5576444415233,400.0
54,339.0038931986113,200.0
12,651.8727982459529,800.0
281,479.89314251314227,800.0
151,339.52083039086915,200.0
293,571.3906132391055,800.0
75,708.0881838853405,800.0
124,522.5355630302697,800.0
239,493.7550049141274,200.0
69,258.17679190675136,200.0
226,420.4976936521838,200.0
288,183.58193950643908,200.0
147,542.9607951123104,800.0
48,509.2820351069712,400.0
131,298.28768478881875,200.0
283,755.1488501384441,800.0
111,317.60466609040714,200.0
3,750.83222515569,200.0
22,248.19068463690553,800.0
223,377.539496987911,400.0
39,486.9463614448292,800.0
70,387.25089979175334,800.0
145,481.0096231024912,800.0
6,308.3299272900825,800.0
106,306.0805383611893,200.0
147,419.0265780188113,200.0
269,165.39323695346974,200.0
259,418.36516663045757,400.0
46,215.76387171571236,200.0
146,400.3872965412122,200.0
167,411.6628042076569,200.0
285,792.9319544145669,800.0
172,275.27482713424394,200.0
150,369.4660776234823,200.0
218,790.4248495374936,800.0
56,617.0247053415416,800.0
29,402.9025517556871,200.0
3,737.7825419690073,800.0
78,259.8323065177368,200.0
230,873.4030942436041,800.0
292,524.058361980171,400.0
305,834.4258126017825,800.0
51,571.659541863625,800.0
277,321.37110103030386,200.0
242,755.2578242265494,800.0
179,236.00497415513718,200.0
241,414.90521502374247,400.0
97,417.37394723006696,200.0
160,743.4457055862096,800.0
246,814.1370739434593,800.0
251,770.5923687805923,800.0
300,364.8091622307396,400.0
207,596.1107478530813,400.0
234,809.9552231591935,800.0
191,665.1071553130823,400.0
31,493.7550049141274,800.0
201,401.77276493918816,400.0
229,348.77350345294326,400.0
235,242.78350314964672,200.0
161,403.48197547302686,400.0
194,396.7273277001075,800.0
131,517.686769183358,800.0
30,330.7601705224657,800.0
62,674.3589878940105,400.0
245,192.00413424654482,200.0
183,222.60701298383253,200.0
217,160.49164470503194,200.0
188,189.2252748508697,200.0
70,255.77353722972128,200.0
110,647.7784797754895,800.0
211,269.3439512845296,200.0
297,400.2667658998363,400.0
265,595.6925325435154,800.0
254,500.591883799754,400.0
184,203.2784566230859,200.0
11,177.6663476021854,200.0
271,390.0031849306457,800.0
189,614.3345195901743,800.0
82,221.40512944634253,200.0
211,560.1599589125497,800.0
296,824.2728839645509,800.0
8,780.3934599144544,800.0
1,341.3540241304114,200.0
232,771.7086815354671,800.0
291,777.7446105964747,800.0
259,195.0913323073351,200.0
295,635.4705563925278,800.0
178,821.8349394793956,800.0
200,791.1504912163116,800.0
275,373.2390263709767,400.0
3,686.9176396685108,800.0
51,388.76880377224404,400.0
301,451.58407989911984,400.0
155,494.62166160569234,400.0
20,205.4568149617774,200.0
137,333.25553335473734,200.0
284,794.891634750033,800.0
102,652.3023350201496,800.0
77,652.0643786023336,800.0
26,258.9203032810559,200.0
120,331.86760234804456,200.0
44,676.0230815325725,400.0
32,279.82395833704436,200.0
35,614.0343764932201,800.0
36,225.22675523591857,200.0
197,199.31015016012395,200.0
233,338.6359736015472,400.0
195,598.7413780172288,400.0
218,302.26018057609843,800.0
283,518.4166776838539,800.0
213,388.8744296548954,200.0
51,833.4182427204341,800.0
244,785.5683527694907,800.0
128,181.37800789647474,200.0
294,454.8246100803585,400.0
159,448.7745486642525,400.0
119,499.5103969318301,800.0
70,535.1822762829438,400.0
256,374.9202961800512,200.0
172,420.8660270334949,200.0
265,143.51470751047208,200.0
203,319.74123472915767,200.0
6,567.4233559074809,800.0
99,365.01557786289413,200.0
76,552.6405208386028,800.0
273,707.6219271092558,800.0
62,462.62300332558425,800.0
47,320.5450447919447,800.0
114,344.507256722118,400.0
75,344.75485359894697,200.0
124,159.60129868423388,200.0
195,326.01926547304674,200.0
44,564.8473090369542,800.0
302,207.5393985031577,200.0
88,805.6509857071463,800.0
172,307.61282997532186,200.0
48,267.91237504130896,200.0
308,247.6684468322287,200.0
231,274.56896667399167,200.0
197,484.85452301372925,400.0
133,683.3837366730787,800.0
271,679.2401060870696,800.0
270,494.3205281981261,400.0
134,342.80881514170676,200.0
132,404.8199050307361,400.0
291,335.8748149935128,400.0
55,266.2755644145246,200.0
58,505.2511334166053,800.0
73,231.1703458170138,200.0
111,457.3797405111584,800.0
295,323.00889324470177,400.0
280,266.57553626067386,200.0
228,492.9567491321325,400.0
259,564.0568593533224,400.0
208,349.9192159644873,400.0
86,670.1530680502993,800.0
49,439.8653682523536,400.0
162,488.9779069729708,400.0
87,437.34305559350423,200.0
1,493.7550049141274,800.0
152,291.4366794863016,200.0
9,25.900952735771796,200.0
156,768.3136918946341,800.0
77,508.9870796817419,800.0
162,492.03646368135503,800.0
229,583.2525144470212,400.0
21,958.2992188936994,800.0
230,367.6883871391027,400.0
110,250.1221859628779,200.0
57,504.0461425596495,800.0
42,777.8099495426553,800.0
14,640.4547878419598,800.0
156,728.7640317828588,800.0
2,599.8786160267368,400.0
76,405.1030437009224,200.0
64,620.3781815710007,800.0
95,563.901504896865,400.0
25,814.8739165876792,400.0
254,425.4605611615316,400.0
232,756.9456080482516,800.0
199,331.70618756392054,200.0
86,271.75846343287435,200.0
28,475.32287515728603,800.0
250,335.2956382751107,200.0
237,694.7212102835953,800.0
136,730.7269063201453,800.0
213,504.8563004346446,400.0
217,344.96678219047624,400.0
232,164.86602817182472,200.0
184,387.22171487822015,200.0
122,308.5420705920997,200.0
129,493.7550049141274,800.0
223,570.540867266147,400.0
27,746.267610364046,800.0
217,488.68824239716207,400.0
130,466.3811765945278,800.0
101,374.4340625717042,400.0
274,670.2414299692597,800.0
214,804.121495031144,800.0
58,690.4836249670952,800.0
97,244.69497419018768,200.0
94,825.7458860099086,800.0
68,403.9911812180362,800.0
153,425.1665122655279,400.0
100,369.07731441840485,200.0
154,265.9798947282534,200.0
202,265.51754377054965,200.0
53,565.4162178316774,800.0
75,345.8190141507014,400.0
163,434.2116655542419,200.0
27,149.27122987937048,200.0
85,782.2572891726517,800.0
27,493.7550049141274,400.0
34,657.3442011395725,400.0
56,764.0547541725101,800.0
49,684.0415879286905,800.0
54,204.6634430295672,200.0
299,695.5617873245783,800.0
1,493.7550049141274,400.0
29,733.1700339833923,800.0
253,480.9560147784365,400.0
16,470.13609278118827,400.0
158,334.5451360655495,200.0
37,387.0800283406411,400.0
89,423.74379903384454,400.0
141,272.9025802809838,200.0
229,808.4255701313044,800.0
304,515.6355646111139,800.0
152,548.1285176655359,800.0
231,708.9170644985618,800.0
256,543.6511398016473,800.0
187,767.8754202381774,800.0
190,482.4285778625342,800.0
94,266.6393333828055,200.0
98,328.3349006611584,200.0
79,680.9327157915545,800.0
195,516.4084830296323,800.0
122,428.575116225957,800.0
229,279.888204579041,200.0
305,271.2161637954032,200.0
226,756.5575235029454,800.0
286,524.475424367585,400.0
297,272.24037890222644,200.0
8,669.3215260254422,800.0
228,510.07235565184624,800.0
220,785.3205822057104,800.0
125,702.4665143445875,800.0
181,540.911013339819,400.0
273,473.2323142977897,800.0
87,397.20221043697336,400.0
91,867.6739713609666,800.0
213,269.5188848822739,200.0
121,399.95501137693213,400.0
56,398.0563154633262,400.0
109,335.1012452858572,400.0
22,772.3683459009802,800.0
11,485.70407935611775,800.0
195,267.109198979876,200.0
235,630.2764178256758,800.0
113,411.76311754454014,400.0
141,363.13790345828716,400.0
172,256.0440507015051,200.0
128,271.7687290740195,200.0
73,284.5304945793206,200.0
9,669.9160396852706,800.0
196,700.1234415379204,800.0
295,330.58478533542876,200.0
244,422.34778583651075,400.0
172,598.6825603474149,400.0
290,502.421485506703,800.0
4,1259.1702905031764,800.0
193,601.4976303316396,400.0
35,291.1140991088659,200.0
289,694.6597322667644,800.0
160,159.9244639755758,200.0
276,512.8939789754884,400.0
288,218.96305777040118,200.0
176,716.3552331540718,800.0
77,654.8388583088656,800.0
91,805.5092188254125,800.0
72,505.90142669243835,800.0
127,221.08125003707858,200.0
215,403.883924331261,400.0
270,758.6840318414215,800.0
300,264.3364330955971,200.0
288,515.0111626329226,800.0
80,752.7148709348758,800.0
117,323.61446099238196,200.0
278,429.7888643837524,800.0
45,271.19583490070556,200.0
231,610.2416681600293,400.0
19,562.0783972054321,400.0
193,411.9388929493423,800.0
150,348.29099928592404,400.0
174,433.20831182540815,400.0
234,716.9841962796797,800.0
256,444.3600248008494,400.0
199,347.07845904598514,200.0
96,697.5874166127514,800.0
15,819.9521295654215,400.0
50,268.11238568739225,200.0
143,203.8060388940072,200.0
299,445.8917661155243,400.0
202,728.9249009478209,800.0
234,857.9771595631755,800.0
78,215.36799331053078,200.0
7,604.2782049897272,800.0
127,333.8445951372167,400.0
144,399.99149221427456,400.0
30,644.4940436397301,800.0
208,333.0182186618538,200.0
191,824.4775281412914,800.0
160,200.99820793762882,200.0
134,393.8370800428854,400.0
258,734.0381430460117,800.0
251,257.98854342954786,200.0
131,299.3092660628687,200.0
103,170.7865382970441,200.0
137,529.6281613136063,800.0
191,748.3614078123337,800.0
109,246.95187831831697,200.0
10,734.3336738038399,400.0
299,578.8635516210737,400.0
302,423.9371058306052,200.0
72,331.6822302678939,200.0
170,315.4191404784013,200.0
226,232.37953489470004,200.0
215,807.5109488610834,800.0
84,372.4571038007149,400.0
123,303.48069030287286,200.0
23,674.554023382615,800.0
258,347.78882269646715,200.0
194,519.7415752007064,400.0
225,663.3345458306048,800.0
12,493.7550049141274,800.0
9,829.3130848509082,400.0
35,355.14638805031336,400.0
194,219.69686091196508,200.0
302,822.2175069900075,800.0
250,432.65659033210045,200.0
126,406.14802773108784,200.0
8,662.0417623381096,400.0
161,390.48816251083383,400.0
173,161.90368046656243,200.0
69,758.5230803784841,800.0
9,442.88991894106937,200.0
244,630.8595330386961,400.0
269,209.72606362311382,200.0
282,326.0663131469449,200.0
244,248.40875844036697,200.0
75,208.80022726878002,200.0
189,420.7322148555364,800.0
76,440.13585748638025,400.0
246,455.5537627328323,400.0
197,612.0221660923501,800.0
236,750.0660043912454,800.0
114,336.15611060571706,200.0
82,202.99639561402296,200.0
171,243.77773146525567,200.0
18,755.9964646005777,800.0
183,518.322571182927,800.0
211,734.90091970134,800.0
76,653.8214697652498,800.0
95,388.25847777609295,400.0
180,464.8595570470345,400.0
65,184.86291443831362,200.0
21,475.72361195960787,400.0
235,610.3167428863643,800.0
302,288.9890134211768,200.0
71,438.8887679635517,400.0
95,764.7480312441097,800.0
272,389.06674948214743,800.0
105,532.5889014163816,400.0
166,533.8270051048712,800.0
36,693.5664183157843,800.0
208,671.0747961203361,400.0
0,619.0365876646048,200.0
304,429.9554234361773,400.0
2,371.2730465914599,400.0
314,337.76892246350627,200.0
114,533.0653271360828,800.0
239,815.6667343097664,800.0
89,344.3983940124755,400.0
194,399.7868243381055,400.0
45,558.3919524028947,400.0
68,167.56571001947935,200.0
107,582.1434884183743,800.0
301,412.6323595441097,200.0
106,620.4276016362558,800.0
173,582.3117787093684,800.0
213,397.46798540041505,400.0
36,642.5759831707674,400.0
133,160.06147419606845,200.0
142,281.4082646016325,200.0
264,558.0238644276119,400.0
307,419.15272050417445,200.0
222,777.9656723255465,800.0
91,181.80987104651922,200.0
62,463.57316209175633,800.0
130,236.81737307010468,200.0
68,345.0251199194279,200.0
161,501.87848468960306,400.0
40,513.1766272739831,400.0
137,376.28110718597975,400.0
93,319.85028783848753,200.0
118,526.5637861025876,800.0
279,598.4160349518356,400.0
157,563.1719698941995,800.0
18,137.5584175554891,200.0
128,752.6078600589909,800.0
60,370.1250538891111,200.0
115,378.90816346593465,200.0
87,695.88072460898,400.0
228,240.331919006511,200.0
274,766.4141716977873,800.0
181,265.35254601679,200.0
48,588.0982463794862,400.0
81,618.6999402989259,800.0
105,713.9267701208769,800.0
120,204.00849958686592,200.0
230,728.4349028154687,800.0
241,150.60018027775106,200.0
80,346.84810945600634,200.0
209,401.44482698333366,400.0
165,742.7577010313702,800.0
118,691.5427310435273,800.0
245,831.0303510173987,800.0
79,237.67018492682837,200.0
140,160.33614269574832,200.0
248,180.7770086997058,200.0
132,530.1044800588094,800.0
213,613.8742754068705,800.0
207,741.4083145215965,800.0
17,811.9314036535415,400.0
148,420.40227023621867,400.0
169,465.6705985642899,400.0
128,363.7499197552536,400.0
91,380.6677550774449,400.0
109,341.80402016300775,200.0
179,407.81911598305965,400.0
261,325.58376670666746,200.0
84,407.9424487904955,400.0
213,311.862831945044,200.0
79,583.7341814126945,400.0
214,451.50058834422555,800.0
225,708.9724575907996,800.0
151,200.10214534102147,200.0
8,760.1020595570906,400.0
51,375.46687606029843,400.0
57,493.7550049141274,800.0
286,217.5632428213449,200.0
305,200.8758968384866,200.0
36,337.2555991615565,400.0
150,211.6677004716575,200.0
76,356.5689514940867,400.0
296,550.4986086451779,800.0
16,309.3782401175369,200.0
251,396.5568852817943,400.0
94,315.7176336207552,200.0
132,583.5795813426073,400.0
267,232.51420559017748,200.0
47,675.1726028941298,800.0
143,280.8993892238201,200.0
280,437.0326367428107,400.0
145,327.60715222530587,200.0
133,492.00758589905956,800.0
277,430.1473908937345,200.0
33,194.37608718213608,200.0
139,468.2730769796641,800.0
152,288.8416139554846,200.0
155,322.5676126523414,200.0
14,374.1302634147345,800.0
19,404.40998791699826,400.0
210,508.34803727752126,800.0
127,285.0627081852952,200.0
218,724.356723494787,800.0
155,258.8289761036621,200.0
181,565.3231822304061,800.0
111,798.2364053270751,800.0
153,152.77789701374684,200.0
271,707.4798741509521,800.0
35,483.5585424491379,400.0
257,162.1925415432878,200.0
297,308.11093630038334,200.0
264,602.3814127534108,800.0
31,148.73372913630897,200.0
246,682.4892435128717,800.0
241,222.5657114605591,200.0
207,328.37130955122126,200.0
132,493.7550049141274,800.0
106,189.67029278990782,200.0
107,280.2950375225645,200.0
70,798.3035288543966,800.0
281,171.6456130464079,200.0
229,777.4370943076349,800.0
105,262.2913667972394,200.0
204,348.7040774406953,200.0
122,241.02818259588355,200.0
219,363.41643934057834,200.0
32,419.0582285799335,200.0
282,710.0254251104757,800.0
65,658.0548003007339,800.0
272,453.3051722855836,400.0
219,659.6820496625801,800.0
293,735.6924482967902,800.0
310,256.8369796638871,200.0
140,368.3916551614557,200.0
9,724.8654604325004,400.0
245,320.8219739130136,200.0
26,661.5426824978064,400.0
252,853.4764548067385,800.0
151,499.74719987955655,800.0
233,182.47050016138206,200.0
67,387.71438523394534,800.0
171,558.4912304493005,400.0
24,257.1533548059196,200.0
44,366.7040955988049,200.0
100,615.7810463094969,800.0
219,239.64032328779786,200.0
307,396.4414804674873,400.0
259,726.5260927541212,800.0
40,196.24327014512005,200.0
179,733.7183912231366,800.0
10,362.3662799869247,800.0
281,495.2150861392904,800.0
178,398.2984359599591,400.0
6,952.0710918498248,200.0
39,726.5874709949325,800.0
50,356.3990132014202,400.0
215,318.13507974015533,200.0
212,524.2505812919682,800.0
264,234.09262017741952,200.0
19,633.9807527643388,400.0
287,650.1338035151784,800.0
238,358.11065322508136,200.0
140,493.7550049141274,800.0
188,390.44327127481915,400.0
46,289.937600709675,800.0
201,551.9935885808042,800.0
184,717.153315276878,800.0
265,561.2159410572801,400.0
32,205.73048383158851,200.0
205,509.07444257391955,400.0
286,733.6714529599559,800.0
40,645.8065531233718,400.0
122,386.6657354432821,400.0
171,544.7293754803038,800.0
95,384.6112324582157,400.0
105,322.6489438238041,200.0
263,824.3808611301654,800.0
234,458.0680251394558,400.0
306,520.3475328805623,400.0
194,297.03543482095785,200.0
222,249.0399061471117,200.0
3,493.7550049141274,800.0
109,706.4111746625586,800.0
105,215.25319138033586,200.0
24,188.95255332981782,200.0
209,268.6757707711254,200.0
265,185.85215282531942,200.0
79,322.9956015796168,200.0
250,593.6510277372598,400.0
127,427.8599823512176,400.0
307,705.3623553303868,800.0
157,423.33100103987954,400.0
276,281.22969660416334,200.0
29,493.7550049141274,800.0
264,269.37657678386483,200.0
261,530.5378059471361,800.0
249,772.279467481906,800.0
40,372.67585260840224,400.0
261,157.71188661273175,200.0
227,453.62545167058784,400.0
236,344.5880102970789,200.0
12,642.1381784907778,800.0
167,650.822999873696,400.0
57,268.17838741548513,200.0
41,612.4093370625658,400.0
183,811.9187799693665,800.0
246,761.7345982792411,800.0
281,291.82669936524275,200.0
6,847.7854268721751,400.0
251,800.4090102367384,800.0
125,232.89655071997146,200.0
165,524.1147250261359,800.0
6,492.9821006341001,200.0
287,561.3570163580371,400.0
18,489.2324081184803,400.0
292,674.8874181585064,800.0
144,760.4034621349293,800.0
71,220.86970748417127,200.0
78,410.01423995396453,200.0
109,367.23351316653975,800.0
311,344.1063997198511,200.0
279,506.0881069316164,800.0
71,703.7231173228333,800.0
83,622.1860370936911,800.0
37,238.92206793817166,200.0
291,403.9559508913619,200.0
244,176.77010610987787,200.0
137,278.70246717389364,200.0
186,471.13681770625544,800.0
293,230.0680869326007,200.0
110,518.4708514057546,800.0
292,340.96111531309907,200.0
36,401.8370339206393,200.0
144,376.14191934088115,200.0
63,302.74445068966577,200.0
196,393.9830602221201,200.0
79,602.5019376586415,800.0
72,416.95199193000656,200.0
131,436.459016362332,400.0
254,210.8358876268221,200.0
217,427.69930049065385,200.0
212,604.6126619599713,400.0
233,206.49509645993942,200.0
195,782.9797852982902,800.0
286,354.9030836013676,400.0
200,588.9091859725381,800.0
75,346.367275553102,400.0
266,160.88868396147086,200.0
273,492.403447345986,400.0
120,490.3916260995368,400.0
246,430.8289844787205,200.0
38,265.8778816968777,200.0
19,640.4538208455491,800.0
275,420.1898284432923,800.0
38,633.156359013201,800.0
210,417.59692952145156,400.0
61,394.257416074984,200.0
207,592.1339642078564,800.0
179,393.4421977501637,400.0
60,493.7550049141274,800.0
30,201.0891132558828,200.0
215,401.93458436981655,400.0
242,600.3821633816962,400.0
64,429.0303678697127,800.0
273,495.14984353252896,800.0
90,312.7808950320411,200.0
19,315.67916839632284,200.0
84,291.00088688238634,200.0
116,366.8196161409595,400.0
139,294.47006560368766,200.0
264,732.052400750068,800.0
98,224.01209231808133,200.0
261,528.439851198721,800.0
284,503.1553158796852,400.0
26,366.491036999474,800.0
126,262.281897520341,800.0
301,699.7103652537741,800.0
87,396.0261532544622,400.0
236,253.87508505944754,200.0
18,942.3443559392367,800.0
72,208.77104186478044,200.0
51,574.5945455557944,400.0
237,806.6121351976763,800.0
138,348.03240586844606,200.0
270,366.5908435393037,200.0
310,404.81862176651816,200.0
292,605.1680345940836,400.0
171,423.296942771056,400.0
240,770.5569270996059,800.0
247,241.38663974171584,200.0
243,412.7728619505766,400.0
252,554.9610612862233,400.0
88,291.42956222352177,200.0
224,180.67320245400333,200.0
122,409.58973293953795,400.0
178,539.4148658691155,800.0
155,259.7598517699181,200.0
48,427.940636863406,800.0
10,493.7550049141274,200.0
128,640.3152135958536,800.0
139,553.1696082910732,800.0
155,729.4563209615293,800.0
217,790.6450063217856,800.0
150,631.6369247226394,400.0
254,782.6518545119435,800.0
144,591.5634835090326,800.0
25,201.26031400776276,200.0
277,738.9949616248234,800.0
139,610.582703521851,800.0
22,451.7684677136757,200.0
228,773.456274002043,800.0
21,420.62777792485804,200.0
295,557.7294572886813,800.0
205,147.91573147610592,200.0
16,656.2313684359885,200.0
230,704.771734468499,800.0
147,189.2364245039372,200.0
150,716.0042355283757,800.0
16,171.7675182061153,200.0
217,777.513649560534,800.0
146,540.7761492804748,400.0
209,654.3078020898502,800.0
133,805.1185920340286,800.0
275,764.2466398112526,800.0
83,758.1482088110446,800.0
20,469.88555699259473,200.0
149,378.64102794203006,200.0
18,578.033192140301,800.0
272,513.5110379652511,800.0
288,787.0793832117342,800.0
36,181.06440241774766,200.0
183,400.3584095667669,400.0
130,374.17211652910817,400.0
235,386.9442678083967,200.0
45,786.7102310684303,800.0
176,414.59163446859407,400.0
3,789.8814591947129,800.0
230,308.67770426305253,200.0
197,663.2967660818761,400.0
189,586.1382853074504,400.0
62,178.87479523874242,200.0
270,169.74248784988248,200.0
77,206.92667897678132,200.0
259,743.5423574695147,800.0
53,493.7550049141274,400.0
133,578.755477778183,800.0
37,540.673958266179,800.0
239,694.8187583625228,800.0
256,432.7571767117021,400.0
258,517.1914130577571,800.0
195,784.0949329565397,800.0
241,267.1758483101114,200.0
272,260.9797280030544,200.0
102,767.8895703645742,800.0
169,297.39396816476017,200.0
41,483.9981288130333,800.0
86,202.37052990349923,200.0
115,522.1797791016414,800.0
109,264.7958412358085,200.0
155,391.13491271120677,800.0
90,803.462666956458,800.0
18,524.6180333636313,200.0
168,536.6777541468533,800.0
188,433.138128676464,400.0
269,661.2233451734356,800.0
107,537.3210721262562,400.0
44,249.2076776406508,200.0
246,146.90524641091264,200.0
148,449.9811168919322,400.0
291,547.1973133642473,800.0
175,419.893668049305,400.0
305,932.333615614672,800.0
225,621.0166114034137,400.0
134,251.5718885211462,200.0
252,797.7722967385082,800.0
252,475.92722399507534,200.0
7,407.7614456784323,800.0
184,287.14684721781,200.0
212,409.2775260481029,200.0
82,311.00733350875186,200.0
225,366.36295275388454,400.0
33,391.8906363873499,200.0
249,412.58414270198125,400.0
106,802.5577973580823,800.0
126,750.5617180700949,800.0
302,475.20104682928843,400.0
255,654.7258921447278,800.0
163,545.6202638389811,800.0
267,229.66582022185275,200.0
289,298.19515469787456,200.0
177,683.2883623613762,800.0
276,696.0442833447571,800.0
32,440.7788194775594,800.0
116,161.44201047934422,200.0
172,748.2387034934549,800.0
256,267.6463176960663,200.0
9,944.9139903314783,800.0
225,416.67870321681846,400.0
254,823.2866782682145,800.0
206,860.8625304786124,800.0
230,783.0771469820301,800.0
135,523.7538797812485,800.0
25,210.70300409384555,200.0
132,175.89151977035164,200.0
268,621.3722378020915,800.0
154,361.4822074188003,200.0
35,411.53060910182694,400.0
267,404.70636876377455,400.0
68,493.7550049141274,800.0
89,240.08502044065602,200.0
121,400.97808417357385,400.0
59,804.2132162052226,800.0
247,663.0466066622998,800.0
232,327.5969918712051,200.0
205,330.5648248903535,200.0
39,197.63303867116252,200.0
277,368.8588155831261,400.0
305,618.2973742976842,800.0
72,622.8333312005904,400.0
296,574.6500866056724,400.0
34,261.49472847952836,200.0
107,188.43460162860003,200.0
240,638.3748111291208,400.0
250,796.6770593987712,800.0
96,355.0031530645282,400.0
222,383.3268049929608,400.0
274,499.642022273115,400.0
311,180.05164298042894,200.0
199,331.4972958954391,400.0
135,604.9069023213352,800.0
230,272.69741103358984,200.0
308,325.08488681231677,400.0
223,381.23933670890324,400.0
19,307.47236336122035,200.0
52,806.6433937011655,800.0
286,651.7836841564906,400.0
209,588.2925986669475,400.0
260,268.008033802749,200.0
291,422.80869437531874,400.0
213,476.08563316370623,800.0
60,796.6492992488525,800.0
277,556.5797373368238,800.0
265,428.33766210050123,400.0
57,588.6991634310459,400.0
261,687.8566430015078,800.0
140,273.31505233734157,200.0
13,905.5404493931878,800.0
74,280.6449471943475,800.0
267,407.3368159556443,400.0
66,465.30779308978765,800.0
123,466.71326821343916,400.0
286,747.7659822820569,800.0
294,562.7783081633185,800.0
1,120.38705077198091,200.0
273,404.2750470667622,400.0
173,487.4084669719532,800.0
262,779.1728138965352,800.0
16,524.1754806401733,800.0
98,273.1520645131356,200.0
272,674.2625151163852,800.0
93,416.9687629235301,200.0
15,394.14021239990984,800.0
251,787.2260614010197,800.0
310,182.26372191163307,200.0
42,620.0493970911391,400.0
130,395.8378263490886,200.0
121,877.434924005192,800.0
221,394.6684157249,200.0
144,297.9568090360237,200.0
61,493.7550049141274,400.0
160,376.3194541296707,400.0
284,517.2759192019909,800.0
201,404.5175385268831,200.0
148,254.86889802222237,200.0
177,198.42790816683987,200.0
25,417.0500591084393,200.0
113,588.0871240646618,800.0
249,355.65366723582804,400.0
118,555.3412455535477,800.0
174,672.400420848514,400.0
83,315.9677123448971,200.0
130,683.3729361689841,800.0
100,517.8405162623769,400.0
316,350.82758407943084,200.0
306,443.3832903054009,400.0
119,351.62033993561363,400.0
302,410.41076907520755,400.0
134,593.5584929707894,800.0
253,432.13767124411993,400.0
285,300.5977044535948,200.0
156,385.5467360444047,400.0
151,672.5799116127698,800.0
185,390.4650426629788,200.0
17,311.4743647374083,200.0
126,616.984046107963,400.0
123,423.1184091274574,800.0
54,557.6049949866655,400.0
109,401.984178658921,400.0
287,654.4646147788715,800.0
50,498.00024234940156,400.0
59,341.88079637867077,200.0
13,589.273928912945,400.0
27,550.1580590009992,400.0
115,372.1923259714854,400.0
162,593.9787804005978,400.0
146,228.88523791661868,200.0
308,415.62996633566684,400.0
310,336.4514943568082,200.0
187,545.8932894310467,400.0
167,199.3367832403282,200.0
170,373.6393965682978,400.0
304,267.2317753448623,200.0
58,493.7550049141274,200.0
144,216.15275924866665,200.0
119,493.7550049141274,200.0
14,193.38761001855772,200.0
244,371.6398080259846,200.0
212,607.8464035436344,800.0
285,603.8740862764174,400.0
62,222.74837954223477,200.0
38,526.9432727226429,800.0
302,580.332226348822,800.0
275,624.8614144678425,400.0
35,882.1636340482216,800.0
175,743.0194848300506,800.0
230,214.60807126116572,200.0
202,631.6663958090304,400.0
104,292.78741069565723,200.0
156,263.79121369585124,200.0
129,227.40182942863288,200.0
271,396.6901944539251,200.0
155,424.89850820970435,800.0
259,501.139743485827,400.0
65,256.7054538476724,200.0
148,552.650284980735,800.0
73,201.4233663293101,200.0
277,630.2739506722555,800.0
263,243.7746180431895,200.0
297,679.4054828366892,800.0
203,222.4855619312371,200.0
1,493.7550049141274,400.0
35,187.06479359431563,200.0
156,419.6596279294921,800.0
122,542.4250805494863,800.0
152,418.01414780755795,200.0
93,253.91532896351254,200.0
156,381.7631702453274,400.0
74,426.5748755139309,200.0
231,412.80148478109743,200.0
59,173.68093209164454,200.0
46,643.394293909952,400.0
82,801.8882103524041,800.0
253,798.5218016194625,800.0
297,691.646242695371,800.0
193,732.584097537447,800.0
151,361.7602473966533,400.0
316,306.7517035032534,200.0
17,598.487473265411,800.0
59,445.09557765726845,800.0
54,374.6061731971728,400.0
236,403.61543085332494,400.0
168,156.33476532239962,200.0
61,221.75077749458978,200.0
81,195.3854305149241,200.0
263,676.7004725990515,400.0
267,543.713152462978,800.0
76,686.9385191923858,800.0
196,658.1157037333589,800.0
228,410.1963401602436,400.0
135,202.07172949487978,200.0
29,493.7550049141274,400.0
304,440.2791698449844,400.0
52,305.98350652414484,200.0
214,381.1508606140211,400.0
196,184.3435038549876,200.0
86,856.4070527916954,800.0
135,411.40904042244904,400.0
231,396.7542285793277,400.0
57,195.05054347108137,200.0
308,362.76985731425236,400.0
80,598.9824082981778,800.0
189,287.0680922936244,200.0
46,335.0519260851017,400.0
85,279.0311188596368,200.0
167,428.75713544152234,400.0
301,328.62001297202704,200.0
112,831.3266248610373,800.0
257,382.0235028715217,400.0
184,451.5970121326601,400.0
50,329.06280058996555,200.0
104,564.0337115970028,400.0
180,332.25682611134954,200.0
188,536.8500817539806,800.0
147,800.1368013001411,800.0
274,642.3236550105462,400.0
223,227.47045180282356,200.0
125,155.94834044535668,200.0
50,587.9636824023966,800.0
247,316.0427639431168,200.0
44,696.4336763996448,800.0
118,233.19500890387008,200.0
179,261.3937491238423,200.0
278,409.0461810656167,200.0
261,614.4686343919966,400.0
231,753.1095871532484,800.0
193,521.5287176852825,400.0
97,523.4000927087828,400.0
226,263.79765782628425,200.0
141,493.2962496742275,400.0
129,164.63774740766286,200.0
104,650.4327550276456,800.0
164,202.1228612801915,200.0
238,834.8671891712057,800.0
237,331.5292259807931,400.0
292,266.3175506122321,200.0
23,714.6037355543673,800.0
222,378.4499325143437,400.0
106,299.2156185068548,800.0
0,493.7550049141274,200.0
43,809.7159420017636,800.0
298,228.4277431022722,200.0
210,438.49189039328905,400.0
71,485.5522154045327,800.0
124,409.43966730312013,400.0
147,387.3544647714406,400.0
131,586.1711031793927,800.0
207,427.73916450942534,200.0
298,702.1636784309213,800.0
225,174.65868050479241,200.0
66,207.3037887775239,200.0
190,234.60343311216013,200.0
8,768.2548673588817,400.0
306,444.91903134773656,200.0
256,857.7675603000946,800.0
98,564.9917583262232,400.0
33,286.48494897762004,800.0
192,617.6082456778299,400.0
262,160.78559626893912,200.0
114,307.5276607704661,200.0
162,755.8311399328644,800.0
125,670.3453337661283,800.0
156,592.2431237826654,800.0
84,553.1318073358938,400.0
257,445.7071209951414,200.0
58,377.5210954042691,400.0
104,397.66095387288556,400.0
155,380.31714029018906,400.0
267,612.9682538301337,400.0
274,336.1437508383155,800.0
297,163.45327108014317,200.0
227,405.7587534560249,400.0
223,503.21691536806225,400.0
198,426.3006419617775,400.0
73,759.6313304079761,800.0
131,196.7264117288904,200.0
160,488.72179680302645,400.0
97,332.91651911780184,400.0
148,399.43933051565045,400.0
142,720.9074002275818,800.0
140,397.1688546018132,400.0
144,183.0986037487503,200.0
7,790.2210507135867,800.0
309,365.48516097229765,400.0
97,317.7140586810263,200.0
89,788.3079171695001,800.0
85,842.2431851469438,800.0
252,197.61616152695115,200.0
136,403.8278937265933,800.0
48,651.6676944078359,800.0
118,283.5032741249044,200.0
292,184.64932986301307,200.0
237,411.9204895590715,200.0
213,755.8297586086313,800.0
79,144.03177657440222,200.0
120,282.1439649866797,200.0
27,703.1248366391093,400.0
310,267.476417022027,200.0
31,503.28411590285634,800.0
164,564.2808520431574,800.0
25,581.5949273313279,800.0
221,843.1062253838014,800.0
210,481.42198488334986,800.0
26,493.7550049141274,200.0
200,535.6836450563858,400.0
207,282.56040794651125,200.0
112,516.2693913400514,800.0
103,874.698792012379,800.0
157,296.73964046651196,200.0
47,212.52136539114122,200.0
294,781.9420349187633,800.0
42,714.4353257042314,800.0
129,797.6315571730839,800.0
12,665.0197666639033,400.0
297,521.8531975837199,400.0
35,483.8055025451679,800.0
185,269.5036909411155,200.0
264,373.1583979493714,400.0
45,606.5703514440726,400.0
134,466.81102435435594,400.0
161,737.6937724492458,800.0
51,259.01820654135446,200.0
184,334.5725507070662,200.0
246,429.3631407637009,400.0
53,359.27735431986287,800.0
105,473.61921896234537,400.0
282,485.6194781161935,800.0
38,172.1706370140945,200.0
111,504.8932196499766,400.0
107,551.3324632712133,400.0
142,229.7200389525434,200.0
241,660.2351281386764,800.0
141,499.1504371927838,800.0
307,251.91123277917092,200.0
34,367.4403552580425,800.0
287,493.6343599547565,400.0
47,733.3891536423299,800.0
296,248.36435441941325,200.0
120,509.3562703193936,800.0
21,615.3419985933389,400.0
120,483.9161826191746,800.0
293,418.69527368141996,400.0
31,366.107781537757,400.0
56,752.5588500810799,800.0
188,831.74801251403,800.0
216,802.6373746555132,800.0
104,335.2776192125185,200.0
24,419.9416558412778,200.0
5,897.0917121447646,800.0
53,348.73939358026996,200.0
0,508.26795190253824,400.0
313,140.70446589242238,200.0
239,313.82852968764996,200.0
193,395.1588795646511,400.0
262,430.7749019559574,200.0
27,756.2098308651199,800.0
190,326.10827542622786,200.0
192,518.0953466593205,800.0
50,536.5766985098373,800.0
300,440.0555381402245,800.0
58,548.3492517467133,400.0
237,352.4313612361492,200.0
240,521.1052607656483,400.0
179,351.7137413200685,200.0
287,327.83716363545096,200.0
203,501.18480711150517,400.0
132,266.6475946344222,200.0
284,702.1902375602456,800.0
150,655.1436554070582,800.0
216,741.7680261557896,800.0
87,731.335598436087,800.0
228,362.2258042233126,200.0
150,783.23705005728,800.0
85,325.8919736077327,200.0
294,254.51791852414436,200.0
60,349.45858610393725,200.0
114,261.07273778383467,200.0
204,388.19780724845464,400.0
21,599.9050943298888,400.0
274,328.991798124819,200.0
167,330.31118254348695,200.0
141,414.2887482381899,800.0
64,779.5023240334798,800.0
128,462.3531642308443,400.0
67,224.64241186432275,200.0
196,394.44182636688026,400.0
276,507.3436390189503,800.0
241,772.9718165064304,800.0
169,545.5914621742508,800.0
166,425.2763400599363,400.0
144,758.0966869252727,800.0
146,237.18521910421083,200.0
186,227.58396760367657,200.0
163,579.1982438362887,400.0
63,329.4129892773112,200.0
297,531.6838263130636,800.0
278,187.98507378698827,200.0
73,425.55590426701997,200.0
204,623.4494325890948,400.0
8,806.4107568738247,400.0
171,386.8411793097391,400.0
234,527.7299508365207,400.0
41,802.7421796205341,800.0
276,496.00277876967505,800.0
153,543.3605462029152,800.0
238,661.8515526138673,800.0
226,813.2986609909703,800.0
51,693.8668367724905,400.0
94,941.6307944133246,800.0
38,728.7134901222506,400.0
53,493.7550049141274,200.0
192,702.3578125834811,800.0
159,723.4078914424298,800.0
261,283.3884425749191,200.0
203,641.7773782333113,400.0
77,781.7444059590117,800.0
282,276.47660445551185,200.0
76,406.37854149101133,400.0
122,804.4676388198403,800.0
86,666.1309424536573,800.0
305,429.78617696567824,400.0
165,316.8988547237964,200.0
139,758.9755354126643,800.0
166,865.9815769625766,800.0
242,799.0654808004742,800.0
219,255.10517084631294,200.0
219,369.6199819006715,400.0
120,148.46495287378548,200.0
178,642.0524493236738,400.0
45,224.38087530473564,200.0
303,488.3113881184621,800.0
101,335.8773613809149,200.0
255,351.55696417265733,200.0
120,257.32609944205467,800.0
117,555.6085701920991,400.0
163,756.1660952758824,800.0
189,228.84105597559738,200.0
88,491.7625175883551,400.0
189,156.55678415215408,200.0
86,300.3696528054377,200.0
56,490.1020250690673,400.0
11,656.379021734598,800.0
197,553.3886011343393,800.0
28,343.3313762023587,800.0
237,234.28941993229637,200.0
250,686.9022580232566,800.0
66,363.6996029980255,400.0
124,557.5158468051361,400.0
106,568.8938732242975,400.0
26,413.377106367539,200.0
30,493.7550049141274,200.0
233,325.73855758999923,200.0
291,623.8053675557869,400.0
172,379.6485725525282,400.0
92,678.5515269014089,800.0
15,656.1901350605377,800.0
20,875.6658549865836,800.0
192,327.1648096592904,200.0
260,493.0164007709632,800.0
102,349.41316641843605,400.0
226,493.7550049141274,400.0
248,339.34539580655905,200.0
68,657.9351033432488,800.0
109,584.3733119946498,400.0
274,420.73913524533634,400.0
101,819.8463622760718,800.0
168,387.91890227693807,400.0
286,331.50695752501747,200.0
238,767.8089026700587,800.0
234,259.3035617863043,200.0
121,559.9993842114491,800.0
54,573.661042655051,800.0
291,747.677167760593,800.0
112,413.8168183925195,200.0
164,454.1034161734898,400.0
187,213.53076000908231,200.0
198,414.1214032351853,800.0
308,403.0750454886635,200.0
81,371.2301949790541,400.0
71,678.3902486549655,800.0
61,295.7902935036156,200.0
207,373.70082392195184,400.0
58,441.736826694506,800.0
55,758.2521168777388,800.0
144,411.0827503410152,400.0
185,355.199604098156,400.0
277,253.83608061154155,200.0
113,418.4697111667506,200.0
21,781.4155202110873,800.0
187,289.6599769934661,200.0
52,417.187970589883,200.0
245,356.35389449600666,400.0
103,591.6323563994853,400.0
257,581.2502400142638,800.0
131,389.3083980977791,400.0
141,395.94916270435544,200.0
174,575.4369930849423,800.0
26,393.89049379951746,400.0
278,499.84876856609856,800.0
288,422.87748988130613,400.0
215,546.043017149413,800.0
154,429.4801575153808,800.0
235,338.79554789688655,200.0
252,832.5699597512389,800.0
55,373.97674771787547,400.0
22,695.0860889252467,800.0
272,560.281259935816,400.0
189,370.66905773289056,200.0
11,736.4845215619443,400.0
107,383.07325386934656,400.0
189,297.0727771602267,200.0
80,700.8744559941222,800.0
197,366.5309687126372,400.0
114,189.74393896526698,200.0
247,824.7584827751515,800.0
228,779.1978204647769,800.0
279,519.6966087561514,800.0
57,395.8828586122527,200.0
22,794.970842591459,800.0
290,472.246918097841,800.0
222,732.2282524128632,800.0
175,395.1795720098746,400.0
60,370.19646150618644,400.0
283,457.90834814929156,400.0
103,269.5921706076577,200.0
270,359.10584448614816,400.0
242,828.7026336514201,800.0
58,437.58273691017394,400.0
48,361.39149570482675,400.0
191,387.316921745435,800.0
115,366.56062354550727,400.0
94,237.46730872168183,200.0
125,602.8309796113325,400.0
296,363.12294140817244,200.0
265,524.1319032464629,400.0
192,275.583283098086,200.0
176,494.5660157540674,400.0
39,449.6413095629166,800.0
68,366.0024171612986,400.0
119,624.6160892863612,800.0
101,757.2416091079566,800.0
27,456.3650144120744,200.0
124,252.96374192447655,200.0
58,493.7550049141274,200.0
75,380.6983610210507,800.0
302,511.3607542312286,800.0
106,340.8108190623569,400.0
184,556.4404468199887,800.0
157,196.25200346749597,200.0
277,254.34558467666216,200.0
